Title,Year,Critic Consensus,Synopsis,Cast,Director,Rotten Tomatoes Score (%)
Parasite,2019,"An urgent, brilliantly layered look at timely social themes, Parasite finds writer-director Bong Joon Ho in near-total command of his craft.",Greed and class discrimination threaten the newly formed symbiotic relationship between the wealthy Park family and the destitute Kim clan....,"Song Kang-ho, Lee Sun-kyun, Jo Yeo-jeong, Choi Woo-sik",Bong Joon Ho,99
Casablanca,1942,"An undisputed masterpiece and perhaps Hollywood's quintessential statement on love and romance, Casablanca has only improved with age, boasting career-defining performances from Humphrey Bogart and Ingrid Bergman.","Rick Blaine (Humphrey Bogart), who owns a nightclub in Casablanca, discovers his old flame Ilsa (Ingrid Bergman) is in town...","Humphrey Bogart, Ingrid Bergman, Paul Henreid, Claude Rains",Michael Curtiz,99
All About Eve,1950,"Smart, sophisticated, and devastatingly funny, All About Eve is a Hollywood classic that only improves with age.","Backstage story revolving around aspiring actress Eve Harrington. Tattered and forlorn, Eve shows up in the dressing room of Broadway...","Bette Davis, Anne Baxter, Celeste Holm, George Sanders",Joseph L. Mankiewicz,99
On the Waterfront,1954,"With his electrifying performance in Elia Kazan's thought-provoking, expertly constructed melodrama, Marlon Brando redefined the possibilities of acting for film and helped permanently alter the cinematic landscape.",Dockworker Terry Malloy (Marlon Brando) had been an up-and-coming boxer until powerful local mob boss Johnny Friendly (Lee J. Cobb)...,"Marlon Brando, Eva Marie Saint, Karl Malden, Lee J. Cobb",Elia Kazan,99
Moonlight,2016,Moonlight uses one man's story to offer a remarkable and brilliantly crafted look at lives too rarely seen in cinema.,"A look at three defining chapters in the life of Chiron, a young black man growing up in Miami. His...","Mahershala Ali, Alex R. Hibbert, Ashton Sanders, Trevante Rhodes",Barry Jenkins,98
Schindler's List,1993,Schindler's List blends the abject horror of the Holocaust with Steven Spielberg's signature tender humanism to create the director's dramatic masterpiece.,"Businessman Oskar Schindler (Liam Neeson) arrives in Krakow in 1939, ready to make his fortune from World War II, which...","Liam Neeson, Ben Kingsley, Ralph Fiennes, Caroline Goodall",Steven Spielberg,98
It Happened One Night,1934,"Capturing its stars and director at their finest, It Happened One Night remains unsurpassed by the countless romantic comedies it has inspired.","In Frank Capra's acclaimed romantic comedy, spoiled heiress Ellie Andrews (Claudette Colbert) impetuously marries the scheming King Westley, leading her...","Claudette Colbert, Clark Gable, Walter Connolly, Roscoe Karns",Frank Capra,98
Rebecca,1940,"Hitchcock's first American film (and his only Best Picture winner), Rebecca is a masterpiece of haunting atmosphere, Gothic thrills, and gripping suspense.",Story of a young woman who marries a fascinating widower only to find out that she must live in the...,"Laurence Olivier, Joan Fontaine, Judith Anderson, George Sanders",Alfred Hitchcock,98
All Quiet on the Western Front,1930,"Director Lewis Milestone's brilliant anti-war polemic, headlined by an unforgettable performance from Lew Ayres, lays bare the tragic foolishness at the heart of war.","The film follows a group of German schoolboys, talked into enlisting at the beginning of World War I by their...","Lew Ayres, Louis Wolheim, John Wray, Raymond Griffith",Lewis Milestone,98
Sunrise,1927,"Boasting masterful cinematography to match its well-acted, wonderfully romantic storyline, Sunrise is perhaps the final -- and arguably definitive -- statement of the silent era.","Bored with his wife (Janet Gaynor), their baby and the dull routine of farm life, a farmer (George O'Brien) falls...","George O'Brien, Janet Gaynor, Margaret Livingston, Bodil Rosing",F.W. Murnau,98
Spotlight,2015,"Spotlight gracefully handles the lurid details of its fact-based story while resisting the temptation to lionize its heroes, resulting in a drama that honors the audience as well as its real-life subjects.","In 2001, editor Marty Baron of The Boston Globe assigns a team of journalists to investigate allegations against John Geoghan,...","Mark Ruffalo, Michael Keaton, Rachel McAdams, Liev Schreiber",Tom McCarthy,97
The Hurt Locker,2008,"A well-acted, intensely shot, action filled war epic, Kathryn Bigelow's The Hurt Locker is thus far the best of the recent dramatizations of the Iraq War.","Staff Sgt. William James (Jeremy Renner), Sgt. J.T. Sanborn (Anthony Mackie) and Specialist Owen Eldridge (Brian Geraghty) are members of...","Jeremy Renner, Anthony Mackie, Brian Geraghty, Guy Pearce",Kathryn Bigelow,97
The Godfather,1972,"One of Hollywood's greatest critical and commercial successes, The Godfather gets everything right; not only did the movie transcend expectations, it established new benchmarks for American cinema.","Widely regarded as one of the greatest films of all time, this mob drama, based on Mario Puzo's novel of...","Marlon Brando, Al Pacino, James Caan, Richard S. Castellano",Francis Ford Coppola,97
Annie Hall,1977,"Filled with poignant performances and devastating humor, Annie Hall represents a quantum leap for Woody Allen and remains an American classic.",Comedian Alvy Singer (Woody Allen) examines the rise and fall of his relationship with struggling nightclub singer Annie Hall (Diane...,"Woody Allen, Diane Keaton, Tony Roberts, Carol Kane",Woody Allen,97
The Best Years of Our Lives,1946,"An engrossing look at the triumphs and travails of war veterans, The Best Years of Our Lives is concerned specifically with the aftermath of World War II, but its messages speak to the overall American experience.","Fred, Al and Homer are three World War II veterans facing difficulties as they re-enter civilian life. Fred (Dana Andrews)...","Fredric March, Myrna Loy, Dana Andrews, Teresa Wright",William Wyler,97
All the King's Men,1949,Broderick Crawford is spellbinding as politician Willie Stark in director Robert Rossen's adaptation of the Robert Penn Warren novel about the corrosive effects of power on the human soul.,Drama about the rise and fall of a corrupt southern governor who promises his way to power. Broderick Crawford portrays...,"Broderick Crawford, Joanne Dru, Mercedes McCambridge, John Ireland",Robert Rossen,97
The Lost Weekend,1945,"Director Billy Wilder's unflinchingly honest look at the effects of alcoholism may have had some of its impact blunted by time, but it remains a powerful and remarkably prescient film.","Writer Don Birnam (Ray Milland) is on the wagon. Sober for only a few days, Don is supposed to be...","Ray Milland, Jane Wyman, Howard Da Silva, Phillip Terry",Billy Wilder,97
Argo,2012,"Tense, exciting, and often darkly comic, Argo recreates a historical event with vivid attention to detail and finely wrought characters.","On Nov. 4, 1979, militants storm the U.S. embassy in Tehran, Iran, taking 66 American hostages. Amid the chaos, six...","Ben Affleck, Bryan Cranston, Alan Arkin, John Goodman",Ben Affleck,96
"The Godfather, Part II",1974,"Drawing on strong performances by Al Pacino and Robert De Niro, Francis Ford Coppola's continuation of Mario Puzo's Mafia saga set new standards for sequels that have yet to be matched or broken.","The compelling sequel to ""The Godfather,"" contrasting the life of Corleone father and son. Traces the problems of Michael Corleone...","Al Pacino, Robert Duvall, Diane Keaton, Robert De Niro",Francis Ford Coppola,96
Unforgiven,1992,"As both director and star, Clint Eastwood strips away decades of Hollywood varnish applied to the Wild West, and emerges with a series of harshly eloquent statements about the nature of violence.","When prostitute Delilah Fitzgerald (Anna Thomson) is disfigured by a pair of cowboys in Big Whiskey, Wyoming, her fellow brothel...","Clint Eastwood, Gene Hackman, Morgan Freeman, Richard Harris",Clint Eastwood,96
The Bridge on the River Kwai,1957,"This complex war epic asks hard questions, resists easy answers, and boasts career-defining work from star Alec Guinness and director David Lean.",Adaptation of the Pierre Bouelle novel about POWs in Burma forced to build a bridge to aid the war effort...,"William Holden, Alec Guinness, Sessue Hayakawa, Jack Hawkins",David Lean,96
The French Connection,1971,"Realistic, fast-paced and uncommonly smart, The French Connection is bolstered by stellar performances by Gene Hackman and Roy Scheider, not to mention William Friedkin's thrilling production.","New York Detective ""Popeye"" Doyle (Gene Hackman) and his partner (Roy Scheider) chase a French heroin smuggler....","Gene Hackman, Fernando Rey, Roy Scheider, Tony Lo Bianco",William Friedkin,96
Marty,1955,Scriptwriter Paddy Chayefsky's solid dialogue is bolstered by strong performances from Ernest Borgnine and Betsy Blair in this appealingly low-key character study.,"This acclaimed romantic drama follows the life of Marty Piletti (Ernest Borgnine), a stout bachelor butcher who lives with his...","Ernest Borgnine, Betsy Blair, Joe Mantell, Esther Minciotti",Delbert Mann,96
Mutiny on the Bounty,1935,"The historical inaccuracies in this high-seas adventure are more than offset by its timeless themes, larger-than-life performances from Clark Gable and Charles Laughton, and Frank Lloyd's superb direction.","As the cruel captain of the HMS Bounty, a ship bound for Tahiti, William Bligh (Charles Laughton) wins few friends....","Charles Laughton, Clark Gable, Franchot Tone, Herbert Mundin",Frank Lloyd,96
Hamlet,1948,"A well-executed labor of love from star and director Laurence Olivier, Hamlet not only proved that Shakespeare could be successfully adapted to the big screen, it paved the way for further cinematic interpretations.","Winner of four Academy Awards, including Best Picture and Best Actor, Sir Laurence Olivier's ""Hamlet"" continues to be the most...","Laurence Olivier, Jean Simmons, Basil Sydney, Eileen Herlie",Laurence Olivier,96
Everything Everywhere All at Once,2022,"Led by an outstanding Michelle Yeoh, Everything Everywhere All at Once lives up to its title with an expertly calibrated assault on the senses.","Directed by Daniel Kwan and Daniel Scheinert, collectively known as Daniels, the film is a hilarious and big-hearted sci-fi action...","Michelle Yeoh, Stephanie Hsu, Ke Huy Quan, James Hong",Dan Kwan,94
12 Years a Slave,2013,"It's far from comfortable viewing, but 12 Years a Slave's unflinchingly brutal look at American slavery is also brilliant -- and quite possibly essential -- cinema.","In the years before the Civil War, Solomon Northup (Chiwetel Ejiofor), a free black man from upstate New York, is...","Chiwetel Ejiofor, Michael Fassbender, Benedict Cumberbatch, Paul Dano",Steve McQueen,95
The Artist,2011,"A crowd-pleasing tribute to the magic of silent cinema, The Artist is a clever, joyous film with delightful performances and visual style to spare.","In the 1920s, actor George Valentin (Jean Dujardin) is a bona fide matinee idol with many adoring fans. While working...","Jean Dujardin, Bérénice Bejo, John Goodman, James Cromwell",Michel Hazanavicius,95
The Silence of the Lambs,1991,"Director Jonathan Demme's smart, taut thriller teeters on the edge between psychological study and all-out horror, and benefits greatly from stellar performances by Anthony Hopkins and Jodie Foster.","Jodie Foster stars as Clarice Starling, a top student at the FBI's training academy. Jack Crawford (Scott Glenn) wants Clarice...","Jodie Foster, Anthony Hopkins, Scott Glenn, Ted Levine",Jonathan Demme,95
An American in Paris,1951,"The plot may be problematic, but such concerns are rendered superfluous by Gene Kelly and Leslie Caron's star power, the Gershwins' classic songs, and Vincente Minnelli's colorful, sympathetic direction.","Jerry Mulligan (Gene Kelly) is an American ex-GI who stays in post-war Paris to become a painter, and falls for...","Gene Kelly, Leslie Caron, Oscar Levant, Georges Guétary",Vincente Minnelli,95
In the Heat of the Night,1967,"Tense, funny, and thought-provoking all at once, and lifted by strong performances from Sydney Poitier and Rod Steiger, director Norman Jewison's look at murder and racism in small-town America continues to resonate today.","African-American Philadelphia police detective Virgil Tibbs (Sidney Poitier) is arrested on suspicion of murder by Bill Gillespie (Rod Steiger), the...","Sidney Poitier, Rod Steiger, Warren Oates, Quentin Dean",Norman Jewison,96
You Can't Take It With You,1938,"It's predictably uplifting fare from Frank Capra, perhaps the most consciously uplifting of all great American directors -- but thanks to immensely appealing performances and a nimble script, You Can't Take It With You is hard not to love.",Sweet-natured Alice Sycamore (Jean Arthur) falls for banker's son Tony Kirby (James Stewart). But when she invites her snooty prospective...,"Jean Arthur, Lionel Barrymore, James Stewart, Edward Arnold",Frank Capra,95
The King's Speech,2010,"Colin Firth gives a masterful performance in The King's Speech, a predictable but stylishly produced and rousing period drama.","England's Prince Albert (Colin Firth) must ascend the throne as King George VI, but he has a speech impediment. Knowing...","Colin Firth, Geoffrey Rush, Helena Bonham Carter, Guy Pearce",Tom Hooper,94
CODA,2021,"CODA's story offers few surprises, but strong representation and a terrific cast -- led by Emilia Jones' brilliant performance -- bring this coming-of-age story vividly to life.","Seventeen-year-old Ruby (Emilia Jones) is the sole hearing member of a deaf family -- a CODA, child of deaf adults....","Emilia Jones, Troy Kotsur, Marlee Matlin, Eugenio Derbez",Sian Heder,94
Lawrence of Arabia,1962,"The epic of all epics, Lawrence of Arabia cements director David Lean's status in the filmmaking pantheon with nearly four hours of grand scope, brilliant performances, and beautiful cinematography.","Due to his knowledge of the native Bedouin tribes, British Lieutenant T.E. Lawrence (Peter O'Toole) is sent to Arabia to...","Peter O'Toole, Alec Guinness, Anthony Quinn, Omar Sharif",David Lean,94
My Fair Lady,1964,"George Cukor's elegant, colorful adaptation of the beloved stage play is elevated to new heights thanks to winning performances by Audrey Hepburn and Rex Harrison.","In this beloved musical, pompous phonetics professor Henry Higgins (Rex Harrison) is so sure of his abilities that he takes...","Audrey Hepburn, Rex Harrison, Stanley Holloway, Wilfrid Hyde-White",George Cukor,95
Mrs. Miniver,1942,"An excessively sentimental piece of propaganda, Mrs. Miniver nonetheless succeeds, due largely to Greer Garson's powerful performance.","A moving drama about a middle-class English family learning to cope with war, told in a series of dramatic vignettes....","Greer Garson, Walter Pidgeon, Dame May Whitty, Teresa Wright",William Wyler,94
Nomadland,2020,"A poetic character study on the forgotten and downtrodden, Nomadland beautifully captures the restlessness left in the wake of the Great Recession.",A woman embarks on a journey through the American West after losing everything during the recession....,"Frances McDormand, David Strathairn, Linda May, Swankie",Chloé Zhao,93
No Country for Old Men,2007,"Bolstered by powerful lead performances from Javier Bardem, Josh Brolin, and Tommy Lee Jones, No Country for Old Men finds the Coen brothers spinning cinematic gold out of Cormac McCarthy's grim, darkly funny novel.","While out hunting, Llewelyn Moss (Josh Brolin) finds the grisly aftermath of a drug deal. Though he knows better, he...","Tommy Lee Jones, Javier Bardem, Josh Brolin, Woody Harrelson",Joel Coen,93
The Lord of the Rings: The Return of the King,2003,"Visually breathtaking and emotionally powerful,  The Lord of the Rings - The Return of the King is a moving and satisfying conclusion to a great trilogy.",The culmination of nearly 10 years' work and conclusion to Peter Jackson's epic trilogy based on the timeless J.R.R. Tolkien...,"Elijah Wood, Ian McKellen, Liv Tyler, Viggo Mortensen",Peter Jackson,94
One Flew Over the Cuckoo's Nest,1975,"Jack Nicholson and Louise Fletcher are worthy adversaries in One Flew Over the Cuckoo's Nest, with Miloš Forman's more grounded and morally ambiguous approach to Ken Kesey's surrealistic novel yielding a film of outsized power.","When Randle Patrick McMurphy (Jack Nicholson) gets transferred for evaluation from a prison farm to a mental institution, he assumes...","Jack Nicholson, Louise Fletcher, Brad Dourif, William Redfield",Milos Forman,93
The Apartment,1960,"Director Billy Wilder's customary cynicism is leavened here by tender humor, romance, and genuine pathos.",Insurance worker C.C. Baxter (Jack Lemmon) lends his Upper West Side apartment to company bosses to use for extramarital affairs....,"Jack Lemmon, Shirley MacLaine, Fred MacMurray, Ray Walston",Billy Wilder,93
How Green Was My Valley,1941,"Nostalgic without becoming maudlin, this working-class drama is enlivened by a terrific cast and John Ford's ineffable directorial eye.","Huw Morgan (Roddy McDowall), the academically inclined youngest son in a proud family of Welsh coal miners, witnesses the tumultuous...","Walter Pidgeon, Maureen O'Hara, Roddy McDowall, Donald Crisp",John Ford,93
Wings,1927,"Subsequent war epics may have borrowed heavily from the original Best Picture winner, but they've all lacked Clara Bow's luminous screen presence and William Wellman's deft direction.","With World War I afoot, David Armstrong (Richard Arlen) and Jack Powell (Charles ""Buddy"" Rogers) join the military with an...","Clara Bow, Charles ""Buddy"" Rogers, Richard Arlen, Jobyna Ralston",William A. Wellman,94
The Shape of Water,2017,The Shape of Water finds Guillermo del Toro at his visually distinctive best -- and matched by an emotionally absorbing story brought to life by a stellar Sally Hawkins performance.,"Elisa is a mute, isolated woman who works as a cleaning lady in a hidden, high-security government laboratory in 1962...","Sally Hawkins, Michael Shannon, Richard Jenkins, Octavia Spencer",Guillermo del Toro,92
Shakespeare in Love,1998,"Endlessly witty, visually rapturous, and sweetly romantic, Shakespeare in Love is a delightful romantic comedy that succeeds on nearly every level.","""Shakespeare in Love"" is a romantic comedy for the 1990s set in the 1590s. It imaginatively unfolds the witty, sexy...","Joseph Fiennes, Gwyneth Paltrow, Geoffrey Rush, Judi Dench",John Madden,92
West Side Story,1961,"Buoyed by Robert Wise's dazzling direction, Leonard Bernstein's score, and Stephen Sondheim's lyrics, West Side Story remains perhaps the most iconic of all the Shakespeare adaptations to visit the big screen.",A musical in which a modern day Romeo and Juliet are involved in New York street gangs. On the harsh...,"Natalie Wood, Richard Beymer, Russ Tamblyn, George Chakiris",Jerome Robbins,92
The Sting,1973,"Paul Newman, Robert Redford, and director George Roy Hill prove that charm, humor, and a few slick twists can add up to a great film.","Following the murder of a mutual friend, aspiring con man Johnny Hooker (Robert Redford) teams up with old pro Henry...","Paul Newman, Robert Redford, Robert Shaw, Charles Durning",George Roy Hill,93
Birdman or (The Unexpected Virtue of Ignorance),2014,"A thrilling leap forward for director Alejandro González Iñárritu, Birdman is an ambitious technical showcase powered by a layered story and outstanding performances from Michael Keaton and Edward Norton.",Former cinema superhero Riggan Thomson (Michael Keaton) is mounting an ambitious Broadway production that he hopes will breathe new life...,"Michael Keaton, Zach Galifianakis, Ed Norton, Andrea Riseborough",Alejandro González Iñárritu,91
Slumdog Millionaire,2008,"Visually dazzling and emotionally resonant, Slumdog Millionaire is a film that's both entertaining and powerful.","As 18-year-old Jamal Malik (Dev Patel) answers questions on the Indian version of ""Who Wants to Be a Millionaire,"" flashbacks...","Dev Patel, Freida Pinto, Madhur Mittal, Anil Kapoor",Danny Boyle,91
The Departed,2006,"Featuring outstanding work from an excellent cast, The Departed is a thoroughly engrossing gangster drama with the gritty authenticity and soupy morality we come to expect from Martin Scorsese.",South Boston cop Billy Costigan (Leonardo DiCaprio) goes under cover to infiltrate the organization of gangland chief Frank Costello (Jack...,"Leonardo DiCaprio, Matt Damon, Jack Nicholson, Mark Wahlberg",Martin Scorsese,91
Rocky,1976,"This story of a down-on-his-luck boxer is thoroughly predictable, but Sylvester Stallone's script and stunning performance in the title role brush aside complaints.","Rocky Balboa (Sylvester Stallone), a small-time boxer from working-class Philadelphia, is arbitrarily chosen to take on the reigning world heavyweight...","Sylvester Stallone, Talia Shire, Burgess Meredith, Burt Young",John G. Avildsen,92
The Life of Emile Zola,1937,"Urgently relevant in an era of escalating bigotry and fascism, The Life of Emile Zola is a respectful and staid tribute to the French novelist, enlivened by Paul Muni's chameleonic prowess.","After struggling to establish himself, author Emile Zola (Paul Muni) wins success writing about the unsavory side of Paris and...","Paul Muni, Joseph Schildkraut, Gale Sondergaard, Gloria Holden",William Dieterle,92
Million Dollar Baby,2004,"Clint Eastwood's assured direction - combined with knockout performances from Hilary Swank and Morgan Freeman - help Million Dollar Baby to transcend its clichés, and the result is deeply heartfelt and moving.","Frankie Dunn (Clint Eastwood) is a veteran Los Angeles boxing trainer who keeps almost everyone at arm's length, except his...","Clint Eastwood, Hilary Swank, Morgan Freeman, Anthony Mackie",Clint Eastwood,90
Gone With the Wind,1939,Gone with the Wind's epic grandeur and romantic allure encapsulate an era of Hollywood filmmaking -- but that can't excuse a blinkered perspective that stands on the wrong side of history.,Presented as originally released in 1939. Includes themes and character depictions which may be offensive and problematic to contemporary audiences....,"Clark Gable, Vivien Leigh, Leslie Howard, Olivia de Havilland",Victor Fleming,90
Oliver!,1968,"Oliver! transforms Charles Dickens' muckraking novel into a jaunty musical Victorian fairytale, buoyed by Ron Moody's charming star turn and Onna White's rapturous choreography.","In this award-winning adaptation of the Broadway musical based on the Charles Dickens novel, 9-year-old orphan Oliver Twist (Mark Lester)...","Ron Moody, Oliver Reed, Mark Lester, Shani Wallis",Carol Reed,90
Patton,1970,"George C. Scott's sympathetic, unflinching portrayal of the titular general in this sprawling epic is as definitive as any performance in the history of American biopics.","Biography of controversial World War II hero General George S. Patton. The film covers his wartime activities and accomplishments, beginning...","George C. Scott, Karl Malden, Michael Bates, Edward Binns",Franklin J. Schaffner,91
Amadeus,1984,"Amadeus' liberties with history may rankle some, but the creative marriage of Miloš Forman and Peter Shaffer yields a divinely diabolical myth of genius and mediocrity, buoyed by inspired casting and Mozart's rapturous music.",Wolfgang Amadeus Mozart (Tom Hulce) is a remarkably talented young Viennese composer who unwittingly finds a fierce rival in the...,"F. Murray Abraham, Tom Hulce, Jeffrey Jones, Elizabeth Berridge",Milos Forman,89
Rain Man,1988,"This road-trip movie about an autistic savant and his callow brother is far from seamless, but Barry Levinson's direction is impressive, and strong performances from Tom Cruise and Dustin Hoffman add to its appeal.","When car dealer Charlie Babbitt (Tom Cruise) learns that his estranged father has died, he returns home to Cincinnati, where...","Dustin Hoffman, Tom Cruise, Valeria Golino, Gerald R. Molen",Barry Levinson,88
Platoon,1986,"Informed by director Oliver Stone's personal experiences in Vietnam, Platoon forgoes easy sermonizing in favor of a harrowing, ground-level view of war, bolstered by no-holds-barred performances from Charlie Sheen and Willem Dafoe.",Chris Taylor (Charlie Sheen) leaves his university studies to enlist in combat duty in Vietnam in 1967. Once he's on...,"Tom Berenger, Willem Dafoe, Charlie Sheen, Forest Whitaker",Oliver Stone,89
Midnight Cowboy,1969,"John Schlesinger's gritty, unrelentingly bleak look at the seedy underbelly of urban American life is undeniably disturbing, but Dustin Hoffman and Jon Voight's performances make it difficult to turn away.","Convinced of his irresistible appeal to women, Texas dishwasher Joe Buck (Jon Voight) quits his job and heads for New...","Dustin Hoffman, Jon Voight, Sylvia Miles, John McGiver",John Schlesinger,89
Gandhi,1982,"Director Richard Attenborough is typically sympathetic and sure-handed, but it's Ben Kingsley's magnetic performance that acts as the linchpin for this sprawling, lengthy biopic.","This acclaimed biographical drama presents major events in the life of Mohandas Gandhi (Ben Kingsley), the beloved Indian leader who...","Ben Kingsley, Candice Bergen, Edward Fox, John Gielgud",Richard Attenborough,89
Ordinary People,1980,"Robert Redford proves himself a filmmaker of uncommon emotional intelligence with Ordinary People, an auspicious debut that deftly observes the fractioning of a family unit through a quartet of superb performances.","Tormented by guilt following the death of his older brother, Buck, in a sailing accident, alienated teenager Conrad Jarrett (Timothy...","Donald Sutherland, Timothy Hutton, Mary Tyler Moore, Judd Hirsch",Robert Redford,89
Kramer vs. Kramer,1979,"The divorce subject isn't as shocking, but the film is still a thoughtful, well-acted drama that resists the urge to take sides or give easy answers.","On the same day Manhattan advertising executive Ted Kramer (Dustin Hoffman) lands the biggest account of his career, he learns...","Dustin Hoffman, Meryl Streep, Justin Henry, Jane Alexander",Robert Benton,89
A Man for All Seasons,1966,Solid cinematography and enjoyable performances from Paul Scofield and Robert Shaw add a spark to this deliberately paced adaptation of the Robert Bolt play.,When the highly respected British statesman Sir Thomas More (Paul Scofield) refuses to pressure the Pope into annulling the marriage...,"Paul Scofield, Robert Shaw, Orson Welles, Wendy Hiller",Fred Zinnemann,89
Titanic,1997,"A mostly unqualified triumph for James Cameron, who offers a dizzying blend of spectacular visuals and old-fashioned melodrama.","James Cameron's ""Titanic"" is an epic, action-packed romance set against the ill-fated maiden voyage of the R.M.S. Titanic; the pride...","Leonardo DiCaprio, Kate Winslet, Billy Zane, Kathy Bates",James Cameron,88
From Here to Eternity,1953,"It has perhaps aged poorly, but this languidly paced WWII romance remains an iconic, well-acted film, featuring particularly strong performances from Burt Lancaster and Montgomery Clift.","At an Army barracks in Hawaii in the days preceding the attack on Pearl Harbor, lone-wolf soldier and boxing champion...","Burt Lancaster, Montgomery Clift, Deborah Kerr, Frank Sinatra",Fred Zinnemann,88
Gigi,1958,"It may not be one of Vincente Minnelli's best, but the charming and flawlessly acted Gigi still offers enough visual and musical treats to satisfy.","Gaston (Louis Jourdan) is a restless Parisian playboy who moves from one mistress to another, while also spending time with...","Leslie Caron, Maurice Chevalier, Louis Jourdan, Hermione Gingold",Vincente Minnelli,88
American Beauty,1999,"Flawlessly cast and brimming with dark, acid wit, American Beauty is a smart, provocative high point of late '90s mainstream Hollywood film.","Lester Burnham (Kevin Spacey) is a gainfully employed suburban husband and father. Fed up with his boring, stagnant existence, he...","Kevin Spacey, Annette Bening, Thora Birch, Wes Bentley",Sam Mendes,87
Dances With Wolves,1990,"Dances with Wolves suffers from a simplistic view of the culture it attempts to honor, but the end result remains a stirring western whose noble intentions are often matched by its epic grandeur.","A Civil War soldier develops a relationship with a band of Lakota Indians. Attracted by the simplicity of their lifestyle,...","Kevin Costner, Mary McDonnell, Graham Greene, Rodney A. Grant",Kevin Costner,87
The Last Emperor,1987,"While Bernardo Bertolucci's decadent epic never quite identifies the dramatic pulse of its protagonist, stupendous visuals and John Lone's ability to make passivity riveting give The Last Emperor a rarified grandeur.","This sweeping account of the life of Pu Yi (John Lone), the last emperor of China, follows the leader's tumultuous...","John Lone, Joan Chen, Peter O'Toole, Ying Ruocheng",Bernardo Bertolucci,86
Chicago,2002,"A rousing and energetic adaptation of the Broadway musical, Chicago succeeds on the level of pure spectacle, but provides a surprising level of depth and humor as well.","Nightclub sensation Velma (Catherine Zeta-Jones) murders her philandering husband, and Chicago's slickest lawyer, Billy Flynn (Richard Gere), is set to...","Catherine Zeta-Jones, Renée Zellweger, Richard Gere, Queen Latifah",Rob Marshall,86
The Deer Hunter,1978,"Its greatness is blunted by its length and one-sided point of view, but the film's weaknesses are overpowered by Michael Cimino's sympathetic direction and a series of heartbreaking performances from Robert De Niro, Meryl Streep, and Christopher Walken.","In 1968, Michael (Robert De Niro), Nick (Christopher Walken) and Steven (John Savage), lifelong friends from a working-class Pennsylvania steel...","Robert De Niro, Christopher Walken, John Savage, John Cazale",Michael Cimino,86
The English Patient,1996,"Though it suffers from excessive length and ambition, director Minghella's adaptation of the Michael Ondaatje novel is complex, powerful, and moving.",The sweeping expanses of the Sahara are the setting for a passionate love affair in this adaptation of Michael Ondaatje's...,"Ralph Fiennes, Juliette Binoche, Willem Dafoe, Kristin Scott Thomas",Anthony Minghella,86
Grand Hotel,1932,"Perhaps less a true film than a series of star-studded vignettes, Grand Hotel still remains an entertaining look back at a bygone Hollywood era.","At a luxurious Berlin hotel between the wars, the once-wealthy Baron Felix von Gaigern (John Barrymore) supports himself as a...","Greta Garbo, Joan Crawford, John Barrymore, Wallace Beery",Edmund Goulding,87
Ben-Hur,1959,"Uneven, but in terms of epic scope and grand spectacle, Ben-Hur still ranks among Hollywood's finest examples of pure entertainment.",Charlton Heston plays a Palestinian Jew who is battling the Roman empire at the time of Christ. His actions send...,"Charlton Heston, Jack Hawkins, Stephen Boyd, Haya Harareet",William Wyler,85
Driving Miss Daisy,1989,"While it's fueled in part by outdated stereotypes, Driving Miss Daisy takes audiences on a heartwarming journey with a pair of outstanding actors.","Daisy Werthan (Jessica Tandy), an elderly Jewish widow living in Atlanta, is determined to maintain her independence. However, when she...","Morgan Freeman, Jessica Tandy, Dan Aykroyd, Patti LuPone",Bruce Beresford,85
The Sound of Music,1965,"Unapologetically sweet and maybe even a little corny, The Sound of Music will win over all but the most cynical filmgoers with its classic songs and irresistible warmth.","A tuneful, heartwarming story, it is based on the real life story of the Von Trapp Family singers, one of...","Julie Andrews, Christopher Plummer, Eleanor Parker, Richard Haydn",Robert Wise,83
Chariots of Fire,1981,"Decidedly slower and less limber than the Olympic runners at the center of its story, Chariots of Fire nevertheless makes effectively stirring use of its spiritual and patriotic themes.","In the class-obsessed and religiously divided United Kingdom of the early 1920s, two determined young runners train for the 1924...","Ben Cross, Ian Charleson, John Gielgud, Nigel Havers",Hugh Hudson,83
Gentleman's Agreement,1947,It occasionally fails to live up to its subject matter -- and is perhaps an 'important' film more than a 'great' one -- but the performances from Gregory Peck and Dorothy McGuire are superb.,"When journalist Phil Green (Gregory Peck) moves to New York City, he takes on a high-profile magazine assignment about anti-Semitism....","Gregory Peck, Dorothy McGuire, John Garfield, Celeste Holm",Elia Kazan,82
Terms of Endearment,1983,"A classic tearjerker, Terms of Endearment isn't shy about reaching for the heartstrings -- but is so well-acted and smartly scripted that it's almost impossible to resist.","Widow Aurora Greenway (Shirley MacLaine) and her daughter, Emma (Debra Winger), have a strong bond, but Emma marries teacher Flap...","Shirley MacLaine, Debra Winger, Jack Nicholson, Jeff Daniels",James L. Brooks,82
Tom Jones,1963,"A frantic, irreverent adaptation of the novel, bolstered by Albert Finney's courageous performance and arresting visuals.","Tom Jones (Albert Finney), a bastard foundling raised by the kindly Squire Allworthy (George Devine), loves the beautiful Sophie Western...","Albert Finney, Susannah York, Hugh Griffith, Edith Evans",Tony Richardson,81
Gladiator,2000,"While not everyone will be entertained by Gladiator's glum revenge story, Russell Crowe thunderously wins the crowd with a star-making turn that provides Ridley Scott's opulent resurrection of Rome its bruised heart.","Commodus (Joaquin Phoenix) takes power and strips rank from Maximus (Russell Crowe), one of the favored generals of his predecessor...","Russell Crowe, Joaquin Phoenix, Connie Nielsen, Oliver Reed",Ridley Scott,80
Green Book,2018,"Green Book takes audiences on an excessively smooth ride through bumpy subject matter, although Mahershala Ali and Viggo Mortensen's performances add necessary depth.",Dr. Don Shirley is a world-class African-American pianist who's about to embark on a concert tour in the Deep South...,"Viggo Mortensen, Mahershala Ali, Linda Cardellini, Sebastian Maniscalco",Peter Farrelly,77
Braveheart,1995,"Distractingly violent and historically dodgy, Mel Gibson's Braveheart justifies its epic length by delivering enough sweeping action, drama, and romance to match its ambition.",Tells the story of the legendary thirteenth century Scottish hero named William Wallace (Mel Gibson). Wallace rallies the Scottish against...,"Mel Gibson, Sophie Marceau, Patrick McGoohan, Catherine McCormack",Mel Gibson,76
Crash,2004,"A raw and unsettling morality piece on modern angst and urban disconnect, Crash examines the dangers of bigotry and xenophobia in the lives of interconnected Angelenos.","Writer-director Paul Haggis interweaves several connected stories about race, class, family and gender in Los Angeles in the aftermath of...","Sandra Bullock, Don Cheadle, Matt Dillon, Jennifer Esposito",Paul Haggis,74
A Beautiful Mind,2001,The well-acted A Beautiful Mind is both a moving love story and a revealing look at mental illness.,"A human drama inspired by events in the life of John Forbes Nash Jr., and in part based on the...","Russell Crowe, Ed Harris, Jennifer Connelly, Paul Bettany",Ron Howard,74
Going My Way,1944,"Bing Crosby and Barry Fitzgerald are eminently likable, and film is pleasantly sentimental, but Going My Way suffers from a surplus of sweetness.","Father Charles O'Malley (Bing Crosby) is an easy-going, golf-playing young priest whose entry into a tough neighborhood parish in midtown...","Bing Crosby, Barry Fitzgerald, Rise Stevens, Gene Lockhart",Leo McCarey,83
The Great Ziegfeld,1936,"This biopic is undeniably stylish, but loses points for excessive length, an overreliance on clichés, and historical inaccuracies.","This lively biopic depicts the rise of Florenz Ziegfeld (William Powell), a theater producer who became renowned during the 1920s...","William Powell, Luise Rainer, Myrna Loy, Frank Morgan",Robert Z. Leonard,72
Forrest Gump,1994,"Forrest Gump may be an overly sentimental film with a somewhat problematic message, but its sweetness and charm are usually enough to approximate true depth and grace.","Slow-witted Forrest Gump (Tom Hanks) has never thought of himself as disadvantaged, and thanks to his supportive mother (Sally Field),...","Tom Hanks, Robin Wright, Gary Sinise, Mykelti Williamson",Robert Zemeckis,71
Around the World in 80 Days,1956,"It's undeniably shallow, but its cheerful lack of pretense -- as well as its grand scale and star-stuffed cast -- help make Around the World in 80 Days charmingly light-hearted entertainment.",Victorian-era Englishman Phileas Fogg (David Niven) proclaims before his fellow members of a London gentleman's club that he can circumnavigate...,"David Niven, Mario Moreno 'Cantinflas', Shirley MacLaine, Robert Newton",Michael Anderson,72
Cavalcade,1933,"Though solidly acted and pleasant to look at, Cavalcade lacks cohesion, and sacrifices true emotion for mawkishness.","Upper-crust Londoners Robert and Jane Marryot (Clive Brook, Diana Wynyard) and their working-class counterparts, Alfred and Ellen Bridges, experience life's...","Diana Wynyard, Clive Brook, Una O'Connor, Herbert Mundin",Frank Lloyd,65
Out of Africa,1985,"Though lensed with stunning cinematography and featuring a pair of winning performances from Meryl Streep and Robert Redford, Out of Africa suffers from excessive length and glacial pacing.","Initially set on being a dairy farmer, the aristocratic Karen Blixen (Meryl Streep) travels to Africa to join her husband,...","Meryl Streep, Robert Redford, Klaus Maria Brandauer, Michael Kitchen",Sydney Pollack,63
Cimarron,1931,"Cimarron is supported by a strong performance from Irene Dunne, but uneven in basically every other regard, and riddled with potentially offensive stereotypes.","In 1889, adventurous lawyer and newspaper editor Yancey Cravat (Richard Dix) convinces his genteel wife, Sabra (Irene Dunne), to join...","Richard Dix, Irene Dunne, Estelle Taylor, Nance O'Neil",Wesley Ruggles,52
The Greatest Show on Earth,1952,"The Greatest Show on Earth is melodramatic, short on plot, excessively lengthy and bogged down with clichés, but not without a certain innocent charm.","""The Greatest Show on Earth"" is a dazzling spectacle of life behind the scenes with Ringling Bros.-Barnum and Bailey Circus,...","Betty Hutton, Charlton Heston, Cornel Wilde, Dorothy Lamour",Cecil B. DeMille,50
The Broadway Melody,1929,"The Broadway Melody is interesting as an example of an early Hollywood musical, but otherwise, it's essentially bereft of appeal for modern audiences.","Vaudeville sisters ""Hank"" (Bessie Love) and Queenie Mahoney (Anita Page) take their act to the Broadway stage in New York...","Bessie Love, Anita Page, Charles King, Jed Prouty",Harry Beaumont,40
